{"cameraMode":{"drawMode":0,"name":"Shaded","section":"Shading Mode"},"sceneLighting":false,"audioPlay":false,"sceneViewState":{"m_AlwaysRefresh":false,"showFog":true,"showSkybox":false,"showFlares":true,"showImageEffects":true,"showParticleSystems":true,"showVisualEffectGraphs":true,"m_FxEnabled":true},"in2DMode":false,"pivot":{"x":17.915546417236329,"y":1.491593599319458,"z":-9.407209396362305},"rotation":{"x":0.07882512360811234,"y":0.8541005849838257,"z":-0.13561658561229707,"w":0.49602898955345156},"size":2.4874680042266847,"orthographic":true}