{"cameraMode":{"drawMode":0,"name":"Shaded","section":"Shading Mode"},"sceneLighting":false,"audioPlay":false,"sceneViewState":{"m_AlwaysRefresh":false,"showFog":true,"showSkybox":false,"showFlares":true,"showImageEffects":true,"showParticleSystems":true,"showVisualEffectGraphs":true,"m_FxEnabled":true},"in2DMode":false,"pivot":{"x":18.308916091918947,"y":1.8103117942810059,"z":-7.051085472106934},"rotation":{"x":0.005367728881537914,"y":0.9944238662719727,"z":-0.08673056960105896,"w":0.060892388224601749},"size":4.746128082275391,"orthographic":true}