{"cameraMode":{"drawMode":0,"name":"Shaded","section":"Shading Mode"},"sceneLighting":false,"audioPlay":false,"sceneViewState":{"m_AlwaysRefresh":false,"showFog":true,"showSkybox":false,"showFlares":true,"showImageEffects":true,"showParticleSystems":true,"showVisualEffectGraphs":true,"m_FxEnabled":true},"in2DMode":false,"pivot":{"x":17.385183334350587,"y":1.6487089395523072,"z":-0.8017292022705078},"rotation":{"x":0.02862084098160267,"y":0.732345700263977,"z":-0.030726449564099313,"w":0.6797364354133606},"size":2.193598985671997,"orthographic":true}