{"cameraMode":{"drawMode":0,"name":"Shaded","section":"Shading Mode"},"sceneLighting":false,"audioPlay":false,"sceneViewState":{"m_AlwaysRefresh":false,"showFog":true,"showSkybox":false,"showFlares":true,"showImageEffects":true,"showParticleSystems":true,"showVisualEffectGraphs":true,"m_FxEnabled":true},"in2DMode":false,"pivot":{"x":17.187992095947267,"y":2.462614059448242,"z":-0.8962864875793457},"rotation":{"x":0.028212465345859529,"y":0.967322826385498,"z":-0.21985706686973573,"w":0.12365030497312546},"size":4.062424659729004,"orthographic":true}