{"cameraMode":{"drawMode":0,"name":"Shaded","section":"Shading Mode"},"sceneLighting":true,"audioPlay":false,"sceneViewState":{"m_AlwaysRefresh":false,"showFog":true,"showSkybox":true,"showFlares":true,"showImageEffects":true,"showParticleSystems":true,"showVisualEffectGraphs":true,"m_FxEnabled":true},"in2DMode":false,"pivot":{"x":16.550003051757814,"y":-10.672201156616211,"z":183.96881103515626},"rotation":{"x":0.09749078005552292,"y":0.7736585736274719,"z":0.12288419157266617,"w":-0.6139969825744629},"size":19.234338760375978,"orthographic":true}