{"cameraMode":{"drawMode":0,"name":"Shaded","section":"Shading Mode"},"sceneLighting":true,"audioPlay":false,"sceneViewState":{"m_AlwaysRefresh":false,"showFog":true,"showSkybox":true,"showFlares":true,"showImageEffects":true,"showParticleSystems":true,"showVisualEffectGraphs":true,"m_FxEnabled":true},"in2DMode":false,"pivot":{"x":6.86776065826416,"y":3.0529229640960695,"z":-2.2557361125946047},"rotation":{"x":0.09154979139566422,"y":-0.3948008716106415,"z":0.03956488519906998,"w":0.9133495092391968},"size":2.4320030212402345,"orthographic":false}