{"cameraMode":{"drawMode":0,"name":"Shaded","section":"Shading Mode"},"sceneLighting":true,"audioPlay":false,"sceneViewState":{"m_AlwaysRefresh":false,"showFog":true,"showSkybox":true,"showFlares":true,"showImageEffects":true,"showParticleSystems":true,"showVisualEffectGraphs":true,"m_FxEnabled":true},"in2DMode":false,"pivot":{"x":-0.27765941619873049,"y":8.012613296508789,"z":-1.6086175441741944},"rotation":{"x":0.12132476270198822,"y":0.7686993479728699,"z":-0.1529826819896698,"w":0.6091898083686829},"size":3.780773162841797,"orthographic":true}